,total_bill,tip,sex,smoker,day,time,size
0,16.99,1.01,Female,No,Sun,Dinner,2.0
1,10.34,1.66,Male,No,Sun,Dinner,3.0
2,21.01,3.5,Male,No,,Dinner,3.0
3,23.68,3.31,Male,,Sun,Dinner,2.0
4,24.59,3.61,Female,No,Sun,Dinner,4.0
5,25.29,4.71,Male,No,Sun,Dinner,4.0
6,8.77,2.0,Male,No,Sun,Dinner,2.0
7,26.88,3.12,Male,No,Sun,Dinner,4.0
8,15.04,1.96,Male,No,Sun,Dinner,2.0
9,,3.23,Male,No,Sun,Dinner,2.0
10,10.27,1.71,Male,No,Sun,Dinner,2.0
11,35.26,5.0,Female,No,Sun,Dinner,4.0
12,15.42,1.57,Male,No,Sun,Dinner,
13,18.43,3.0,Male,No,Sun,Dinner,4.0
14,,3.02,Female,No,,Dinner,2.0
15,21.58,3.92,,No,Sun,Dinner,2.0
16,10.33,1.67,Female,No,Sun,Dinner,3.0
17,16.29,3.71,Male,No,Sun,Dinner,3.0
18,16.97,3.5,Female,No,Sun,Dinner,3.0
19,20.65,3.35,Male,,Sat,Dinner,3.0
20,,4.08,Male,,Sat,Dinner,2.0
21,20.29,2.75,Female,No,Sat,Dinner,2.0
22,15.77,2.23,Female,No,Sat,Dinner,2.0
23,39.42,7.58,Male,No,,Dinner,4.0
24,19.82,3.18,Male,No,Sat,Dinner,
25,17.81,2.34,Male,No,Sat,Dinner,4.0
26,13.37,2.0,Male,No,Sat,Dinner,
27,12.69,2.0,Male,No,Sat,Dinner,2.0
28,21.7,4.3,Male,No,Sat,Dinner,2.0
29,19.65,3.0,Female,No,Sat,Dinner,2.0
30,9.55,1.45,,No,Sat,Dinner,2.0
31,18.35,2.5,Male,No,Sat,Dinner,4.0
32,15.06,3.0,,No,Sat,Dinner,2.0
33,20.69,2.45,,No,Sat,,4.0
34,17.78,3.27,,,,Dinner,2.0
35,24.06,3.6,Male,No,Sat,Dinner,3.0
36,,2.0,Male,No,Sat,Dinner,3.0
37,16.93,3.07,Female,No,Sat,Dinner,3.0
38,18.69,2.31,Male,No,Sat,Dinner,
39,31.27,5.0,Male,No,Sat,Dinner,3.0
40,16.04,2.24,Male,No,Sat,Dinner,3.0
41,17.46,2.54,Male,No,Sun,Dinner,2.0
42,,3.06,Male,No,Sun,Dinner,2.0
43,9.68,1.32,Male,,Sun,Dinner,2.0
44,30.4,5.6,Male,No,Sun,Dinner,4.0
45,18.29,3.0,Male,No,Sun,,2.0
46,22.23,5.0,Male,No,Sun,Dinner,2.0
47,32.4,6.0,Male,No,Sun,Dinner,4.0
48,28.55,2.05,Male,No,Sun,Dinner,3.0
49,18.04,3.0,Male,No,Sun,Dinner,2.0
50,12.54,2.5,,No,,Dinner,
51,10.29,2.6,Female,No,Sun,Dinner,
52,34.81,5.2,Female,No,Sun,Dinner,4.0
53,9.94,1.56,Male,,,Dinner,2.0
54,25.56,4.34,Male,No,Sun,Dinner,4.0
55,19.49,3.51,Male,No,Sun,,2.0
56,38.01,3.0,,Yes,Sat,Dinner,4.0
57,26.41,1.5,Female,No,Sat,Dinner,2.0
58,11.24,1.76,Male,Yes,Sat,Dinner,2.0
59,48.27,6.73,Male,No,Sat,Dinner,4.0
60,20.29,3.21,Male,,Sat,Dinner,2.0
61,13.81,2.0,Male,Yes,Sat,Dinner,2.0
62,11.02,1.98,Male,Yes,Sat,Dinner,
63,18.29,3.76,Male,Yes,Sat,Dinner,
64,17.59,2.64,Male,No,Sat,Dinner,3.0
65,20.08,3.15,Male,,,,3.0
66,,2.47,,No,Sat,Dinner,2.0
67,,1.0,Female,Yes,Sat,Dinner,
68,20.23,2.01,,No,Sat,Dinner,
69,15.01,2.09,Male,Yes,Sat,Dinner,2.0
70,12.02,1.97,Male,No,,Dinner,2.0
71,17.07,3.0,Female,No,Sat,Dinner,
72,26.86,3.14,Female,Yes,Sat,Dinner,2.0
73,25.28,5.0,Female,Yes,Sat,Dinner,
74,14.73,2.2,Female,No,Sat,Dinner,2.0
75,10.51,1.25,Male,No,Sat,Dinner,2.0
76,17.92,3.08,Male,Yes,Sat,Dinner,
77,27.2,4.0,Male,No,Thur,Lunch,4.0
78,22.76,3.0,Male,No,Thur,Lunch,2.0
79,17.29,2.71,Male,No,Thur,Lunch,2.0
80,19.44,3.0,Male,Yes,Thur,Lunch,2.0
81,16.66,3.4,Male,No,Thur,Lunch,2.0
82,10.07,1.83,Female,No,Thur,Lunch,1.0
83,32.68,5.0,Male,Yes,Thur,Lunch,2.0
84,15.98,2.03,Male,No,Thur,Lunch,2.0
85,34.83,5.17,Female,No,Thur,Lunch,
86,13.03,2.0,Male,No,Thur,Lunch,2.0
87,18.28,4.0,,No,Thur,Lunch,2.0
88,24.71,5.85,Male,No,Thur,,
89,21.16,3.0,Male,No,Thur,Lunch,2.0
90,28.97,3.0,Male,Yes,Fri,Dinner,2.0
91,,3.5,Male,No,Fri,Dinner,2.0
92,5.75,1.0,Female,Yes,Fri,Dinner,2.0
93,16.32,4.3,Female,Yes,Fri,Dinner,2.0
94,22.75,3.25,,No,Fri,Dinner,2.0
95,40.17,4.73,Male,Yes,Fri,Dinner,4.0
96,27.28,4.0,Male,Yes,Fri,Dinner,2.0
97,,1.5,Male,Yes,Fri,Dinner,2.0
98,,3.0,Male,Yes,Fri,Dinner,2.0
99,12.46,1.5,Male,No,,Dinner,2.0
100,11.35,2.5,Female,Yes,Fri,Dinner,2.0
101,15.38,3.0,Female,Yes,Fri,Dinner,2.0
102,44.3,2.5,Female,Yes,,Dinner,
103,22.42,3.48,Female,,Sat,Dinner,2.0
104,20.92,4.08,Female,No,,Dinner,2.0
105,15.36,1.64,Male,Yes,Sat,Dinner,2.0
106,20.49,4.06,Male,Yes,Sat,Dinner,2.0
107,25.21,4.29,Male,Yes,Sat,Dinner,2.0
108,18.24,3.76,Male,No,Sat,Dinner,2.0
109,14.31,4.0,Female,Yes,Sat,Dinner,2.0
110,14.0,3.0,Male,No,,Dinner,2.0
111,7.25,1.0,Female,No,Sat,,1.0
112,38.07,4.0,Male,No,Sun,Dinner,3.0
113,23.95,2.55,Male,No,Sun,Dinner,2.0
114,25.71,4.0,,No,Sun,Dinner,3.0
115,17.31,3.5,Female,No,Sun,Dinner,2.0
116,29.93,5.07,Male,No,Sun,Dinner,4.0
117,10.65,1.5,Female,No,,Lunch,2.0
118,12.43,1.8,Female,No,Thur,,2.0
119,24.08,2.92,Female,No,Thur,Lunch,4.0
120,11.69,2.31,Male,No,Thur,Lunch,2.0
121,13.42,1.68,Female,No,Thur,Lunch,2.0
122,14.26,2.5,Male,No,Thur,Lunch,2.0
123,,2.0,Male,No,Thur,Lunch,2.0
124,12.48,2.52,Female,,Thur,Lunch,2.0
125,29.8,4.2,Female,No,Thur,Lunch,6.0
126,8.52,1.48,Male,No,Thur,Lunch,
127,14.52,2.0,Female,No,Thur,Lunch,2.0
128,11.38,2.0,Female,No,Thur,Lunch,2.0
129,22.82,2.18,Male,No,Thur,Lunch,3.0
130,19.08,1.5,Male,,Thur,,2.0
131,20.27,2.83,Female,No,Thur,Lunch,
132,11.17,1.5,Female,No,Thur,Lunch,2.0
133,12.26,2.0,Female,No,Thur,Lunch,2.0
134,,3.25,Female,No,Thur,,2.0
135,8.51,1.25,Female,No,Thur,Lunch,2.0
136,10.33,2.0,Female,No,Thur,Lunch,2.0
137,14.15,2.0,Female,No,Thur,,2.0
138,,2.0,Male,Yes,Thur,Lunch,2.0
139,13.16,2.75,,No,Thur,Lunch,2.0
140,,3.5,,No,Thur,Lunch,2.0
141,34.3,6.7,Male,No,Thur,Lunch,6.0
142,41.19,5.0,Male,No,Thur,Lunch,5.0
143,27.05,5.0,Female,No,Thur,Lunch,6.0
144,16.43,2.3,Female,No,Thur,,2.0
145,8.35,1.5,Female,No,Thur,Lunch,2.0
146,18.64,1.36,,No,Thur,Lunch,3.0
147,,1.63,Female,No,Thur,Lunch,2.0
148,9.78,1.73,Male,No,,Lunch,2.0
149,7.51,2.0,,No,,Lunch,2.0
150,14.07,2.5,Male,No,Sun,Dinner,2.0
151,13.13,2.0,Male,No,Sun,Dinner,2.0
152,17.26,2.74,Male,No,,Dinner,3.0
153,24.55,2.0,Male,No,Sun,Dinner,4.0
154,19.77,2.0,Male,No,Sun,Dinner,4.0
155,,5.14,Female,No,Sun,Dinner,5.0
156,48.17,5.0,Male,No,Sun,Dinner,6.0
157,25.0,3.75,Female,No,Sun,,4.0
158,13.39,2.61,Female,No,Sun,Dinner,2.0
159,16.49,2.0,,,Sun,,4.0
160,21.5,3.5,Male,No,Sun,Dinner,4.0
161,12.66,2.5,Male,No,Sun,Dinner,2.0
162,16.21,2.0,Female,No,Sun,Dinner,3.0
163,13.81,2.0,Male,No,Sun,,2.0
164,17.51,3.0,Female,Yes,,Dinner,2.0
165,24.52,3.48,Male,No,,Dinner,3.0
166,20.76,2.24,Male,No,Sun,Dinner,2.0
167,31.71,4.5,Male,No,Sun,Dinner,4.0
168,,1.61,Female,Yes,Sat,Dinner,2.0
169,10.63,2.0,,Yes,Sat,Dinner,2.0
170,50.81,10.0,Male,Yes,Sat,Dinner,3.0
171,,3.16,Male,Yes,Sat,Dinner,2.0
172,7.25,5.15,Male,Yes,,,2.0
173,31.85,3.18,Male,Yes,Sun,Dinner,2.0
174,16.82,4.0,Male,Yes,Sun,Dinner,2.0
175,32.9,3.11,Male,Yes,Sun,Dinner,2.0
176,17.89,2.0,Male,Yes,Sun,Dinner,2.0
177,14.48,2.0,Male,Yes,Sun,,2.0
178,,4.0,Female,Yes,,Dinner,2.0
179,,3.55,Male,,Sun,Dinner,2.0
180,34.65,3.68,Male,Yes,Sun,Dinner,4.0
181,23.33,5.65,Male,Yes,Sun,Dinner,2.0
182,45.35,3.5,Male,Yes,Sun,Dinner,3.0
183,23.17,6.5,Male,Yes,Sun,Dinner,4.0
184,40.55,3.0,Male,Yes,Sun,Dinner,2.0
185,,5.0,,No,Sun,Dinner,5.0
186,20.9,3.5,Female,Yes,Sun,Dinner,3.0
187,30.46,2.0,Male,,Sun,Dinner,5.0
188,18.15,3.5,Female,,Sun,,3.0
189,23.1,4.0,Male,Yes,Sun,Dinner,3.0
190,15.69,1.5,Male,Yes,Sun,Dinner,2.0
191,19.81,4.19,Female,Yes,Thur,Lunch,2.0
192,28.44,2.56,Male,Yes,Thur,Lunch,2.0
193,15.48,2.02,Male,Yes,Thur,,2.0
194,16.58,4.0,Male,Yes,Thur,Lunch,2.0
195,7.56,1.44,Male,No,Thur,Lunch,2.0
196,10.34,2.0,Male,Yes,Thur,Lunch,2.0
197,43.11,5.0,Female,Yes,Thur,Lunch,4.0
198,13.0,2.0,Female,,Thur,Lunch,2.0
199,,2.0,Male,,Thur,Lunch,2.0
200,18.71,4.0,Male,,Thur,Lunch,3.0
201,12.74,2.01,Female,Yes,Thur,Lunch,2.0
202,13.0,2.0,Female,Yes,Thur,Lunch,2.0
203,16.4,2.5,Female,Yes,Thur,Lunch,2.0
204,20.53,4.0,Male,Yes,Thur,Lunch,4.0
205,16.47,3.23,Female,Yes,Thur,Lunch,3.0
206,26.59,3.41,Male,Yes,Sat,Dinner,3.0
207,38.73,3.0,Male,Yes,Sat,Dinner,4.0
208,24.27,2.03,Male,Yes,Sat,Dinner,2.0
209,12.76,2.23,,Yes,Sat,,
210,30.06,2.0,Male,Yes,Sat,Dinner,3.0
211,,5.16,,Yes,,Dinner,4.0
212,48.33,9.0,Male,No,Sat,Dinner,4.0
213,13.27,2.5,Female,Yes,Sat,,2.0
214,28.17,6.5,Female,,Sat,Dinner,3.0
215,12.9,1.1,,Yes,Sat,Dinner,2.0
216,28.15,3.0,Male,,Sat,Dinner,5.0
217,11.59,1.5,,Yes,Sat,Dinner,2.0
218,7.74,1.44,Male,Yes,,Dinner,
219,30.14,3.09,Female,,Sat,Dinner,4.0
220,12.16,2.2,Male,Yes,Fri,,
221,13.42,3.48,Female,Yes,Fri,Lunch,2.0
222,8.58,1.92,Male,Yes,Fri,Lunch,1.0
223,15.98,3.0,Female,No,Fri,Lunch,3.0
224,13.42,1.58,,Yes,Fri,Lunch,2.0
225,16.27,2.5,Female,Yes,Fri,Lunch,2.0
226,10.09,2.0,Female,Yes,Fri,Lunch,2.0
227,20.45,3.0,Male,No,,Dinner,4.0
228,13.28,2.72,Male,No,Sat,Dinner,2.0
229,22.12,2.88,Female,Yes,Sat,,
230,,2.0,Male,,Sat,Dinner,4.0
231,15.69,3.0,Male,Yes,Sat,Dinner,3.0
232,11.61,3.39,Male,No,Sat,,2.0
233,10.77,1.47,Male,,Sat,Dinner,2.0
234,15.53,3.0,Male,Yes,Sat,Dinner,2.0
235,10.07,1.25,Male,No,Sat,Dinner,
236,12.6,1.0,Male,Yes,Sat,Dinner,
237,32.83,1.17,Male,Yes,Sat,Dinner,2.0
238,35.83,4.67,Female,,Sat,Dinner,3.0
239,29.03,5.92,Male,No,,Dinner,3.0
240,27.18,2.0,Female,Yes,Sat,,2.0
241,22.67,2.0,Male,Yes,Sat,Dinner,2.0
242,17.82,1.75,Male,No,Sat,Dinner,2.0
243,18.78,3.0,Female,No,Thur,Dinner,2.0
